{
    "$schema": "https://schema.management.azure.com/schemas/2019-04-01/deploymentTemplate.json#",
    "contentVersion": "1.0.0.0",
    "parameters": {},
    "variables": {},
    "resources": [
        {
            "type": "Microsoft.Logic/workflows",
            "apiVersion": "2017-07-01",
            "name": "Delete_Emails_Incident",
            "location": "eastus",
            "identity": {
                "type": "SystemAssigned"
            },
            "properties": {
                "state": "Enabled",
                "definition": {
                    "$schema": "https://schema.management.azure.com/providers/Microsoft.Logic/schemas/2016-06-01/workflowdefinition.json#",
                    "contentVersion": "1.0.0.0",
                    "parameters": {
                        "$connections": {
                            "defaultValue": {},
                            "type": "Object"
                        }
                    },
                    "triggers": {
                        "Microsoft_Sentinel_incident": {
                            "type": "ApiConnectionWebhook",
                            "inputs": {
                                "body": {
                                    "callback_url": "@{listCallbackUrl()}"
                                },
                                "host": {
                                    "connection": {
                                        "name": "@parameters('$connections')['azuresentinel']['connectionId']"
                                    }
                                },
                                "path": "/incident-creation"
                            }
                        }
                    },
                    "actions": {},
                    "outputs": {}
                },
                "parameters": {
                    "$connections": {
                        "value": {
                            "azuresentinel": {
                                "connectionId": "/subscriptions/291b0d60-693e-467b-8ded-df99775b753d/resourceGroups/CCBCSentinelResourceGroup/providers/Microsoft.Web/connections/azuresentinel-Delete_Emails_Incident",
                                "connectionName": "azuresentinel-Delete_Emails_Incident",
                                "id": "/subscriptions/291b0d60-693e-467b-8ded-df99775b753d/providers/Microsoft.Web/locations/eastus/managedApis/azuresentinel",
                                "connectionProperties": {
                                    "authentication": {
                                        "type": "ManagedServiceIdentity"
                                    }
                                }
                            }
                        }
                    }
                }
            }
        }
    ]
}